-- 1) JUEGO (20 registros)
INSERT INTO juego (id_juego, nombre, genero) VALUES
(1,'Valorant','FPS táctico'),
(2,'League of Legends','MOBA'),
(3,'Dota 2','MOBA'),
(4,'Counter-Strike 2','FPS'),
(5,'Fortnite','Battle Royale'),
(6,'Rocket League','Deportes/Arcade'),
(7,'PUBG','Battle Royale'),
(8,'Overwatch 2','Hero Shooter'),
(9,'Apex Legends','Battle Royale'),
(10,'Rainbow Six Siege','FPS táctico'),
(11,'FIFA 25','Deportes'),
(12,'eFootball 2026','Deportes'),
(13,'Street Fighter 6','Lucha'),
(14,'Tekken 8','Lucha'),
(15,'Minecraft','Sandbox'),
(16,'Free Fire','Battle Royale'),
(17,'Mobile Legends','MOBA'),
(18,'Clash Royale','Estrategia'),
(19,'Hearthstone','Cartas'),
(20,'StarCraft II','Estrategia');

-- 2) JUGADOR (20 registros)
INSERT INTO jugador (id_jugador, nombre, nickname, email, pais) VALUES
(1,'Diego Quispe','Kuntur','kuntur01@example.com','Bolivia'),
(2,'María Fernanda Choque','Chaska','chaska02@example.com','Bolivia'),
(3,'Luis Alberto Mamani','Altiplano','altiplano03@example.com','Bolivia'),
(4,'Valeria Apaza','Valky','valky04@example.com','Bolivia'),
(5,'Carlos Saavedra','RayoLPZ','rayolpz05@example.com','Bolivia'),
(6,'Jhoselyn Flores','Jhosi','jhosi06@example.com','Bolivia'),
(7,'René Paredes','Paredao','paredao07@example.com','Bolivia'),
(8,'Sofía Condori','SofiAim','sofiaim08@example.com','Bolivia'),
(9,'Andrés Rojas','Roj4s','roj4s09@example.com','Bolivia'),
(10,'Paola Soria','PaoGG','paogg10@example.com','Bolivia'),
(11,'Miguel Ángel Vargas','Vargz','vargz11@example.com','Bolivia'),
(12,'Daniela Lima','DanyL','danyl12@example.com','Bolivia'),
(13,'Óscar Calle','Calleja','calleja13@example.com','Bolivia'),
(14,'Camila Huanca','CamHu','camhu14@example.com','Bolivia'),
(15,'Javier Illanes','Ill4nes','ill4nes15@example.com','Bolivia'),
(16,'Brenda Aruquipa','Br3nda','br3nda16@example.com','Bolivia'),
(17,'Kevin Rivero','KVR','kvr17@example.com','Bolivia'),
(18,'Natalia Aguilar','NatiQ','natiq18@example.com','Bolivia'),
(19,'Fernando Mercado','Fennec','fennec19@example.com','Bolivia'),
(20,'Ariana Vargas','AriV','ariv20@example.com','Bolivia');

-- 3) EQUIPO (20 registros)
INSERT INTO equipo (id_equipo, nombre, fecha_creacion) VALUES
(1,'Cóndores LPZ','2023-02-10'),
(2,'Titanes El Alto','2022-11-05'),
(3,'Lobos de Miraflores','2023-06-18'),
(4,'Halcones Sopocachi','2024-01-22'),
(5,'Wara Wara Gaming','2021-09-14'),
(6,'Paceños United','2022-03-30'),
(7,'Altura Esports','2023-08-09'),
(8,'Nevados Team','2024-04-02'),
(9,'Cholitas Pro','2022-07-19'),
(10,'Achachilas Squad','2021-12-01'),
(11,'Zona Sur Kings','2023-10-25'),
(12,'Ceja Warriors','2022-05-11'),
(13,'Illimani Force','2024-02-12'),
(14,'Kantuta Clan','2021-06-07'),
(15,'Pumas de Villa Fátima','2023-01-15'),
(16,'Gran Poder Crew','2022-09-23'),
(17,'Obrajes Elite','2024-03-05'),
(18,'Tembladerani Foxes','2023-09-01'),
(19,'Pucarani Storm','2022-02-17'),
(20,'Satelite Raiders','2024-05-20');

-- 4) TORNEO (20 registros)  (referencia a juego)
INSERT INTO torneo (id_torneo, nombre, fecha_inicio, fecha_fin, id_juego) VALUES
(1,'Copa Altiplano 2026 - Valorant','2026-01-10','2026-01-20',1),
(2,'Liga Andina 2026 - LoL','2026-01-12','2026-01-26',2),
(3,'Open Paceño 2026 - Dota 2','2026-02-01','2026-02-14',3),
(4,'Copa Ceja 2026 - CS2','2026-02-05','2026-02-18',4),
(5,'Battle Royale La Paz 2026 - Fortnite','2026-02-20','2026-03-05',5),
(6,'Rocket Cup Illimani 2026','2026-03-01','2026-03-10',6),
(7,'PUBG Altura Series 2026','2026-03-12','2026-03-25',7),
(8,'Overwatch Andes Clash 2026','2026-03-20','2026-04-02',8),
(9,'Apex La Ceja Arena 2026','2026-04-01','2026-04-12',9),
(10,'R6S Tactical La Paz 2026','2026-04-10','2026-04-22',10),
(11,'Copa Fútbol Virtual 2026 - FIFA','2026-05-01','2026-05-12',11),
(12,'Torneo ProClub 2026 - eFootball','2026-05-05','2026-05-18',12),
(13,'Street Fighter Miraflores 2026','2026-06-01','2026-06-06',13),
(14,'Tekken Gran Poder 2026','2026-06-10','2026-06-15',14),
(15,'Minecraft Altiplano Build 2026','2026-06-20','2026-07-02',15),
(16,'Free Fire Ceja Cup 2026','2026-07-05','2026-07-18',16),
(17,'Mobile Legends Andino 2026','2026-07-20','2026-08-03',17),
(18,'Clash Royale Paceño 2026','2026-08-05','2026-08-12',18),
(19,'Hearthstone Altura Open 2026','2026-08-15','2026-08-22',19),
(20,'StarCraft II Andes Masters 2026','2026-09-01','2026-09-10',20);

-- 5) PARTIDA (20 registros) (referencia a torneo)
INSERT INTO partida (id_partida, id_torneo, fecha, hora, estado) VALUES
(1,1,'2026-01-11','19:00:00','finalizada'),
(2,2,'2026-01-13','20:00:00','finalizada'),
(3,3,'2026-02-02','18:30:00','finalizada'),
(4,4,'2026-02-06','21:00:00','finalizada'),
(5,5,'2026-02-21','19:30:00','finalizada'),
(6,6,'2026-03-02','20:15:00','finalizada'),
(7,7,'2026-03-13','19:00:00','finalizada'),
(8,8,'2026-03-21','18:45:00','finalizada'),
(9,9,'2026-04-02','20:00:00','finalizada'),
(10,10,'2026-04-11','21:10:00','finalizada'),
(11,11,'2026-05-02','19:00:00','programada'),
(12,12,'2026-05-06','20:00:00','programada'),
(13,13,'2026-06-02','18:00:00','programada'),
(14,14,'2026-06-11','19:00:00','programada'),
(15,15,'2026-06-21','20:00:00','programada'),
(16,16,'2026-07-06','19:00:00','programada'),
(17,17,'2026-07-21','20:00:00','programada'),
(18,18,'2026-08-06','18:30:00','programada'),
(19,19,'2026-08-16','19:15:00','programada'),
(20,20,'2026-09-02','20:30:00','programada');

-- 6) INSCRIPCION (20 registros) (equipo <-> torneo)
INSERT INTO inscripcion (id_inscripcion, id_equipo, id_torneo, fecha_inscripcion) VALUES
(1,1,1,'2026-01-05'),
(2,2,2,'2026-01-06'),
(3,3,3,'2026-01-25'),
(4,4,4,'2026-01-28'),
(5,5,5,'2026-02-14'),
(6,6,6,'2026-02-22'),
(7,7,7,'2026-03-05'),
(8,8,8,'2026-03-10'),
(9,9,9,'2026-03-25'),
(10,10,10,'2026-04-03'),
(11,11,11,'2026-04-24'),
(12,12,12,'2026-04-28'),
(13,13,13,'2026-05-25'),
(14,14,14,'2026-06-03'),
(15,15,15,'2026-06-12'),
(16,16,16,'2026-06-28'),
(17,17,17,'2026-07-12'),
(18,18,18,'2026-07-28'),
(19,19,19,'2026-08-08'),
(20,20,20,'2026-08-25');

-- 7) JUGADOR_EQUIPO (20 registros) (jugador <-> equipo)
--    (PK compuesta: id_jugador, id_equipo)
INSERT INTO jugador_equipo (id_jugador, id_equipo, fecha_union) VALUES
(1,1,'2025-11-10'),
(2,2,'2025-11-12'),
(3,3,'2025-11-15'),
(4,4,'2025-11-18'),
(5,5,'2025-11-20'),
(6,6,'2025-11-22'),
(7,7,'2025-11-25'),
(8,8,'2025-11-27'),
(9,9,'2025-12-01'),
(10,10,'2025-12-03'),
(11,11,'2025-12-05'),
(12,12,'2025-12-07'),
(13,13,'2025-12-10'),
(14,14,'2025-12-12'),
(15,15,'2025-12-14'),
(16,16,'2025-12-16'),
(17,17,'2025-12-18'),
(18,18,'2025-12-20'),
(19,19,'2025-12-22'),
(20,20,'2025-12-24');

-- 8) PARTICIPACION (mínimo 20; aquí 40: 2 equipos por partida)
INSERT INTO participacion (id_partida, id_equipo, resultado) VALUES
(1,1,'ganó'), (1,2,'perdió'),
(2,2,'ganó'), (2,3,'perdió'),
(3,3,'ganó'), (3,4,'perdió'),
(4,4,'ganó'), (4,5,'perdió'),
(5,5,'ganó'), (5,6,'perdió'),
(6,6,'ganó'), (6,7,'perdió'),
(7,7,'ganó'), (7,8,'perdió'),
(8,8,'ganó'), (8,9,'perdió'),
(9,9,'ganó'), (9,10,'perdió'),
(10,10,'ganó'), (10,11,'perdió'),
(11,11,'empate'), (11,12,'empate'),
(12,12,'ganó'), (12,13,'perdió'),
(13,13,'ganó'), (13,14,'perdió'),
(14,14,'ganó'), (14,15,'perdió'),
(15,15,'ganó'), (15,16,'perdió'),
(16,16,'ganó'), (16,17,'perdió'),
(17,17,'ganó'), (17,18,'perdió'),
(18,18,'ganó'), (18,19,'perdió'),
(19,19,'ganó'), (19,20,'perdió'),
(20,20,'ganó'), (20,1,'perdió');

-- 9) ESTADISTICA (20 registros) (jugador + partida)
INSERT INTO estadistica (id_estadistica, id_jugador, id_partida, kills, muertes, asistencias) VALUES
(1,1,1,18,12,7),
(2,2,2,22,10,9),
(3,3,3,14,11,6),
(4,4,4,25,13,8),
(5,5,5,19,14,5),
(6,6,6,16,9,11),
(7,7,7,21,15,4),
(8,8,8,13,10,12),
(9,9,9,27,16,6),
(10,10,10,20,12,9),
(11,11,11,10,10,10),
(12,12,12,24,14,7),
(13,13,13,15,11,9),
(14,14,14,17,13,8),
(15,15,15,23,18,3),
(16,16,16,12,9,14),
(17,17,17,26,17,5),
(18,18,18,11,8,13),
(19,19,19,28,19,4),
(20,20,20,16,12,10);

-- 10) PREMIO (20 registros) (1 premio por torneo)
INSERT INTO premio (id_premio, id_torneo, posicion, monto) VALUES
(1,1,1,5000.00),
(2,2,1,5200.00),
(3,3,1,4800.00),
(4,4,1,5500.00),
(5,5,1,6000.00),
(6,6,1,4500.00),
(7,7,1,5300.00),
(8,8,1,4700.00),
(9,9,1,5100.00),
(10,10,1,5900.00),
(11,11,1,3000.00),
(12,12,1,3200.00),
(13,13,1,2000.00),
(14,14,1,2200.00),
(15,15,1,2500.00),
(16,16,1,4000.00),
(17,17,1,4200.00),
(18,18,1,1800.00),
(19,19,1,1700.00),
(20,20,1,3500.00);
